,PROVIDER_ID,Hospital_Name,Hospital_Type,ZIP_Code,County_Name,MEASURE_ID,MEASURE_DESCRIPTION,NUMERATOR,DENOMINATOR,RPTG_PRD_START_DT,RPTG_PRD_END_DT
1,50146,CITY OF HOPE HELFORD CLINICAL RESEARCH HOSPITAL,Short-term,91010,LOS ANGELES,PCH-2,Combination Chemotherapy for Breast Cancer,21,21,07/01/2014,06/30/2015
2,50146,CITY OF HOPE HELFORD CLINICAL RESEARCH HOSPITAL,Short-term,91010,LOS ANGELES,PCH-3,Hormonal Therapy for Breast Cancer,202,207,01/01/2014,12/31/2014
5,50660,USC KENNETH NORRIS JR CANCER HOSPITAL,Short-term,90089,LOS ANGELES,PCH-3,Hormonal Therapy for Breast Cancer,40,40,01/01/2014,12/31/2014
6,100079,UNIVERSITY OF MIAMI HOSPITAL AND CLINICS,Short-term,33136,DADE,PCH-1,Adjuvant Chemotherapy for Colon Cancer,12,12,07/01/2014,06/30/2015
7,100079,UNIVERSITY OF MIAMI HOSPITAL AND CLINICS,Short-term,33136,DADE,PCH-2,Combination Chemotherapy for Breast Cancer,32,32,07/01/2014,06/30/2015
8,100079,UNIVERSITY OF MIAMI HOSPITAL AND CLINICS,Short-term,33136,DADE,PCH-3,Hormonal Therapy for Breast Cancer,142,143,01/01/2014,12/31/2014
9,100271,H LEE MOFFITT CANCER CENTER & RESEARCH INSTITUTE I,Short-term,33612,HILLSBOROUGH,PCH-1,Adjuvant Chemotherapy for Colon Cancer,19,22,07/01/2014,06/30/2015
10,100271,H LEE MOFFITT CANCER CENTER & RESEARCH INSTITUTE I,Short-term,33612,HILLSBOROUGH,PCH-2,Combination Chemotherapy for Breast Cancer,36,41,07/01/2014,06/30/2015
11,100271,H LEE MOFFITT CANCER CENTER & RESEARCH INSTITUTE I,Short-term,33612,HILLSBOROUGH,PCH-3,Hormonal Therapy for Breast Cancer,341,362,01/01/2014,12/31/2014
12,220162,DANA-FARBER CANCER INSTITUTE,Short-term,2115,SUFFOLK,PCH-1,Adjuvant Chemotherapy for Colon Cancer,29,29,07/01/2014,06/30/2015
13,220162,DANA-FARBER CANCER INSTITUTE,Short-term,2115,SUFFOLK,PCH-2,Combination Chemotherapy for Breast Cancer,84,87,07/01/2014,06/30/2015
14,220162,DANA-FARBER CANCER INSTITUTE,Short-term,2115,SUFFOLK,PCH-3,Hormonal Therapy for Breast Cancer,572,586,01/01/2014,12/31/2014
15,330154,MEMORIAL HOSPITAL FOR CANCER AND ALLIED DISEASES,Short-term,10021,NEW YORK,PCH-1,Adjuvant Chemotherapy for Colon Cancer,96,99,07/01/2014,06/30/2015
16,330154,MEMORIAL HOSPITAL FOR CANCER AND ALLIED DISEASES,Short-term,10021,NEW YORK,PCH-2,Combination Chemotherapy for Breast Cancer,206,217,07/01/2014,06/30/2015
17,330154,MEMORIAL HOSPITAL FOR CANCER AND ALLIED DISEASES,Short-term,10021,NEW YORK,PCH-3,Hormonal Therapy for Breast Cancer,1052,1066,01/01/2014,12/31/2014
19,330354,ROSWELL PARK CANCER INSTITUTE,Short-term,14203,ERIE,PCH-2,Combination Chemotherapy for Breast Cancer,19,23,07/01/2014,06/30/2015
20,330354,ROSWELL PARK CANCER INSTITUTE,Short-term,14203,ERIE,PCH-3,Hormonal Therapy for Breast Cancer,127,132,01/01/2014,12/31/2014
21,360242,JAMES CANCER HOSPITAL & SOLOVE RESEARCH INSTITUTE,Short-term,43210,FRANKLIN,PCH-1,Adjuvant Chemotherapy for Colon Cancer,30,32,07/01/2014,06/30/2015
22,360242,JAMES CANCER HOSPITAL & SOLOVE RESEARCH INSTITUTE,Short-term,43210,FRANKLIN,PCH-2,Combination Chemotherapy for Breast Cancer,66,68,07/01/2014,06/30/2015
23,360242,JAMES CANCER HOSPITAL & SOLOVE RESEARCH INSTITUTE,Short-term,43210,FRANKLIN,PCH-3,Hormonal Therapy for Breast Cancer,268,276,01/01/2014,12/31/2014
24,390196,HOSPITAL OF THE FOX CHASE CANCER CENTER,Short-term,19111,PHILADELPHIA,PCH-1,Adjuvant Chemotherapy for Colon Cancer,17,17,07/01/2014,06/30/2015
25,390196,HOSPITAL OF THE FOX CHASE CANCER CENTER,Short-term,19111,PHILADELPHIA,PCH-2,Combination Chemotherapy for Breast Cancer,31,32,07/01/2014,06/30/2015
26,390196,HOSPITAL OF THE FOX CHASE CANCER CENTER,Short-term,19111,PHILADELPHIA,PCH-3,Hormonal Therapy for Breast Cancer,153,159,01/01/2014,12/31/2014
27,450076,"UNIVERSITY OF TEXAS M D ANDERSON CANCER CENTER,THE",Short-term,77030,HARRIS,PCH-1,Adjuvant Chemotherapy for Colon Cancer,38,38,07/01/2014,06/30/2015
28,450076,"UNIVERSITY OF TEXAS M D ANDERSON CANCER CENTER,THE",Short-term,77030,HARRIS,PCH-2,Combination Chemotherapy for Breast Cancer,67,70,07/01/2014,06/30/2015
29,450076,"UNIVERSITY OF TEXAS M D ANDERSON CANCER CENTER,THE",Short-term,77030,HARRIS,PCH-3,Hormonal Therapy for Breast Cancer,374,391,01/01/2014,12/31/2014
30,500138,SEATTLE CANCER CARE ALLIANCE,Short-term,98109,KING,PCH-1,Adjuvant Chemotherapy for Colon Cancer,19,21,07/01/2014,06/30/2015
31,500138,SEATTLE CANCER CARE ALLIANCE,Short-term,98109,KING,PCH-2,Combination Chemotherapy for Breast Cancer,36,39,07/01/2014,06/30/2015
32,500138,SEATTLE CANCER CARE ALLIANCE,Short-term,98109,KING,PCH-3,Hormonal Therapy for Breast Cancer,273,283,01/01/2014,12/31/2014
